"CITY","COUNTRY","text","favorited","favoriteCount","replyToSN","created","truncated","replyToSID","id","replyToUID","statusSource","screenName","retweetCount","isRetweet","retweeted","longitude","latitude"
"Los Angeles","USA","Feel like what? See that's why I'm not out of bed yet. https://t.co/RIOKeSm2c3",FALSE,0,NA,2016-01-19 16:36:15,FALSE,NA,"689486540351799297",NA,"<a href=""http://www.twitter.com"" rel=""nofollow"">Twitter for Windows Phone</a>","MyNinjaTurtle",0,FALSE,FALSE,"-76.97305069","38.93089765"
"Los Angeles","USA","Leaving the Gym! I left all on the floor! I feel good! My Body, mind and Spirit! I'm preparing‚Ä¶ https://t.co/iWmRrIBk13",FALSE,0,NA,2016-01-19 06:16:06,FALSE,NA,"689330471868694528",NA,"<a href=""http://instagram.com"" rel=""nofollow"">Instagram</a>","TitilayoBankole",0,FALSE,FALSE,"-76.84223943","38.91912791"
"Los Angeles","USA","Didn't know peace could feel so good Ì†ΩÌ≤Ø I wish him nothing but the‚Ä¶ https://t.co/1aGIwFuE3Q",FALSE,0,NA,2016-01-19 02:54:57,FALSE,NA,"689279851820400640",NA,"<a href=""http://instagram.com"" rel=""nofollow"">Instagram</a>","BentleyDeKaine",0,FALSE,FALSE,"-76.97500253","38.90499618"
"Los Angeles","USA","It was really cold until I reminded myself that water hoses, dogs, beatings, etc. had to feel‚Ä¶ https://t.co/t1Wt0Pe1lw",FALSE,0,NA,2016-01-19 01:00:29,FALSE,NA,"689251044136583168",NA,"<a href=""http://instagram.com"" rel=""nofollow"">Instagram</a>","marriagenectar",0,FALSE,FALSE,"-76.82134361","38.90343575"
"Los Angeles","USA","It's so cold in DC I left Maggiano's, got in the car, turned heat on, and just sat there for 20mins. Real feel 7Ì†ΩÌ∏í https://t.co/0p78THXJcU",FALSE,0,NA,2016-01-19 00:47:50,FALSE,NA,"689247859653357571",NA,"<a href=""http://www.twitter.com"" rel=""nofollow"">Twitter for Windows Phone</a>","MyNinjaTurtle",0,FALSE,FALSE,"-76.980013","38.939436"
"Los Angeles","USA","I feel so fancy getting to hang out with misszozobozo @ Washington,‚Ä¶ https://t.co/rva6sVNpws",FALSE,0,NA,2016-01-18 23:39:22,FALSE,NA,"689230633130921985",NA,"<a href=""http://instagram.com"" rel=""nofollow"">Instagram</a>","Catter05",0,FALSE,FALSE,"-77.0367","38.8951"
"Los Angeles","USA","I feel like I'm drinking in 1983. - Drinking a Stroh's by @pabstblueribbon @ The Pug  ‚Äî https://t.co/GQoSAT3hsp",FALSE,0,NA,2016-01-18 23:28:40,FALSE,NA,"689227938156408832",NA,"<a href=""https://untappd.com"" rel=""nofollow"">Untappd</a>","morskieeatsdc",0,FALSE,FALSE,"-76.989","38.9003"
"Los Angeles","USA","@Tebow815 so lucky! I bet you feel refreshed!",FALSE,0,"Tebow815",2016-01-18 11:11:09,FALSE,"689015654150750209","689042334722334721","148130330","<a href=""http://twitter.com/#!/download/ipad"" rel=""nofollow"">Twitter for iPad</a>","OhMyGOFF",0,FALSE,FALSE,"-77.08115587","38.94037578"
"Los Angeles","USA","I feel like sooner or later me nd her wont be on the same page nd juss give up on us Ì†ΩÌ∏íÌ†ΩÌ≤Ø",FALSE,0,NA,2016-01-18 02:57:17,FALSE,NA,"688918049806749696",NA,"<a href=""http://twitter.com/download/android"" rel=""nofollow"">Twitter for Android</a>","twan_bitchh",0,FALSE,FALSE,"-76.9315812","38.9042284"
"Los Angeles","USA","@ChingonAbe I feel the same with porter winning ugly",FALSE,0,"ChingonAbe",2016-01-17 21:14:38,FALSE,"688831483922927616","688831820113276928","2843485494","<a href=""http://twitter.com/download/android"" rel=""nofollow"">Twitter for Android</a>","GLITTERROAD",0,FALSE,FALSE,"-76.9295654","38.8079996"
"Los Angeles","USA","Glasses are cool and I feel so chill. And yes, I'm furry.... I'll shave tomorrow. #sundayfunday‚Ä¶ https://t.co/pChYR5FdEg",FALSE,0,NA,2016-01-17 16:16:52,FALSE,NA,"688756885168762880",NA,"<a href=""http://instagram.com"" rel=""nofollow"">Instagram</a>","BMLS",0,FALSE,FALSE,"-77.1083","38.8803"
"Los Angeles","USA","Oh my coldness!!! I couldn't feel mah fingers! #runninglife‚Ä¶ https://t.co/27fIclwOnl",FALSE,0,NA,2016-01-17 14:52:03,FALSE,NA,"688735540082954241",NA,"<a href=""http://instagram.com"" rel=""nofollow"">Instagram</a>","Dr_Lola_Mae",0,FALSE,FALSE,"-77.06370199","38.8016723"
"Los Angeles","USA","RT @PeopleOfThSun: Lol I see karla at school and yet I dont say hi. Because? Because I feel like shes gonna be like nigga tf is you?",FALSE,0,NA,2016-01-17 09:30:25,FALSE,NA,"688654599612403712",NA,"<a href=""http://twitter.com/download/iphone"" rel=""nofollow"">Twitter for iPhone</a>","iKarlioo",2,TRUE,FALSE,NA,NA
"Los Angeles","USA","""I can't feel my face when I'm with you. But I love it."" #ramen #tonkatsu @ SAKURAMEN https://t.co/Kt83g5mni3",FALSE,0,NA,2016-01-17 00:21:46,FALSE,NA,"688516528203956224",NA,"<a href=""http://instagram.com"" rel=""nofollow"">Instagram</a>","BruceChalupa",0,FALSE,FALSE,"-77.0419769","38.9215698"
"Los Angeles","USA","Words cannot honestly express how I feel after such an amazing day‚Ä¶ https://t.co/PtmqW75hHQ",FALSE,0,NA,2016-01-16 22:27:15,FALSE,NA,"688487707572596736",NA,"<a href=""http://instagram.com"" rel=""nofollow"">Instagram</a>","MistaLeVar",0,FALSE,FALSE,"-76.96449717","38.86050154"
"Los Angeles","USA","I feel like I was here two seconds ago but ok... (@ Dupont Circle in Washington, DC) https://t.co/AuWbjGOWeo",FALSE,0,NA,2016-01-16 17:23:28,FALSE,NA,"688411258194935808",NA,"<a href=""http://foursquare.com"" rel=""nofollow"">Foursquare</a>","jdunnx3",0,FALSE,FALSE,"-77.04344988","38.90965244"
"Los Angeles","USA","Cookies &amp; Creme donuts?!? I can feel the diabeetus already! #SnackSociety #sugarshack #donuts‚Ä¶ https://t.co/u55IPGrmaf",FALSE,0,NA,2016-01-16 13:42:05,FALSE,NA,"688355545829486593",NA,"<a href=""http://instagram.com"" rel=""nofollow"">Instagram</a>","HeelWillMahoney",0,FALSE,FALSE,"-77.0497894","38.8138237"
"Los Angeles","USA","Her Strength!!! Is what's keep me pushing when I feel like‚Ä¶ https://t.co/CkKmQAH16a",FALSE,1,NA,2016-01-16 01:24:37,FALSE,NA,"688169954835759104",NA,"<a href=""http://instagram.com"" rel=""nofollow"">Instagram</a>","Dcol676",0,FALSE,FALSE,"-77.04577845","38.80491934"
"Los Angeles","USA","if you're not an AKA, I feel bad for you son. Been slaying since '08 &amp; we still ain't done. Ì†ΩÌ≤ÖÌ†ºÌøæ‚Ä¶ https://t.co/x8hjANhLUq",FALSE,0,NA,2016-01-15 22:03:17,FALSE,NA,"688119286464811008",NA,"<a href=""http://instagram.com"" rel=""nofollow"">Instagram</a>","PopeDickJunior",0,FALSE,FALSE,"-77.02209599","38.92374726"
"Los Angeles","USA","best expression of how I feel about the National Geographic Photography Seminar today. #ngps16‚Ä¶ https://t.co/7Er9aKmRta",FALSE,0,NA,2016-01-15 04:38:40,FALSE,NA,"687856399620128768",NA,"<a href=""http://instagram.com"" rel=""nofollow"">Instagram</a>","IlanaPL",0,FALSE,FALSE,"-77.03734","38.90562"
"Los Angeles","USA","RT @samhusseini: I feel sad for not having properly grieved.",FALSE,0,NA,2016-01-15 00:11:25,FALSE,NA,"687789144525922304",NA,"<a href=""http://twitter.com"" rel=""nofollow"">Twitter Web Client</a>","AmaniHmeid",1,TRUE,FALSE,NA,NA
"Los Angeles","USA","I feel sad for not having properly grieved.",FALSE,1,NA,2016-01-14 23:31:58,FALSE,NA,"687779218340622336",NA,"<a href=""http://twitter.com/download/iphone"" rel=""nofollow"">Twitter for iPhone</a>","samhusseini",1,FALSE,FALSE,"-76.93328954","38.9604327"
"Los Angeles","USA","Sometimes I don't know how to feel.
I try to soak it in,
It's all so surreal.
#tbt @ 9:30 Club https://t.co/C4QPMtuAwj",FALSE,0,NA,2016-01-14 22:48:49,FALSE,NA,"687768359421784065",NA,"<a href=""http://instagram.com"" rel=""nofollow"">Instagram</a>","D_Gaspar",0,FALSE,FALSE,"-77.0236282","38.9180298"
"Los Angeles","USA","RT @xXSCREAM_TeeTee: I'm tired and my body feel weak",FALSE,0,NA,2016-01-14 21:28:51,FALSE,NA,"687748234463309824",NA,"<a href=""http://twitter.com/download/android"" rel=""nofollow"">Twitter for Android</a>","2Shadyyy",1,TRUE,FALSE,NA,NA
"Los Angeles","USA","I'm tired and my body feel weak",FALSE,0,NA,2016-01-14 21:11:24,FALSE,NA,"687743844331466752",NA,"<a href=""http://twitter.com/download/iphone"" rel=""nofollow"">Twitter for iPhone</a>","xXSCREAM_TeeTee",1,FALSE,FALSE,"-76.99019238","38.86051365"
"Los Angeles","USA","He playing to much n I don't even feel like playing though big homie",FALSE,0,NA,2016-01-14 17:32:04,FALSE,NA,"687688645374029829",NA,"<a href=""http://twitter.com/download/iphone"" rel=""nofollow"">Twitter for iPhone</a>","xXSCREAM_TeeTee",0,FALSE,FALSE,"-77.01523458","38.88495589"
"Chicago","USA","Chewy oatmeal cookies with dark chocolate and ginger, c/o @joythebaker. I feel pretty confident‚Ä¶ https://t.co/WtY3HcN4rP",FALSE,4,NA,2016-01-19 00:54:51,FALSE,NA,"689249627967766530",NA,"<a href=""http://instagram.com"" rel=""nofollow"">Instagram</a>","krcoyle",0,FALSE,FALSE,"-122.418","37.775"
"Chicago","USA","Currently making my way back to Vancouver and I feel more refreshed ever than ever. Thanks to my‚Ä¶ https://t.co/MGu28Pl8Dx",FALSE,1,NA,2016-01-18 17:49:35,FALSE,NA,"689142605624569856",NA,"<a href=""http://instagram.com"" rel=""nofollow"">Instagram</a>","JustTanzy",0,FALSE,FALSE,"-122.418","37.775"
"Chicago","USA","Wow, this is amazing! Thank you @acdc for liking my photo. I feel so honored. I love #ACDC and‚Ä¶ https://t.co/j60A2BZ1Vj",FALSE,0,NA,2016-01-18 00:17:14,FALSE,NA,"688877772941451264",NA,"<a href=""http://instagram.com"" rel=""nofollow"">Instagram</a>","BabyHuey83",0,FALSE,FALSE,"-122.257","37.764"
"Chicago","USA","As cloudy as the weather is, I feel like I am home. San Fran, you're beautiful. @ Fisherman's Wharf https://t.co/lnegoy2DhZ",FALSE,0,NA,2016-01-17 22:44:12,FALSE,NA,"688854360282017792",NA,"<a href=""http://instagram.com"" rel=""nofollow"">Instagram</a>","JustTanzy",0,FALSE,FALSE,"-122.41426363","37.80826125"
"Chicago","USA","I feel like the little mermaid ""under the sea"" song should be on re-play when painting : green‚Ä¶ https://t.co/gJ09TkAzva",FALSE,1,NA,2016-01-16 19:54:21,FALSE,NA,"688449228402749440",NA,"<a href=""http://instagram.com"" rel=""nofollow"">Instagram</a>","wynnearete",0,FALSE,FALSE,"-122.418","37.775"
"Chicago","USA","Pixely selfie because I feel like it. #SummitLive #SanFrancisco #Periscope #PeriscopeSummit‚Ä¶ https://t.co/Bez4op4xjG",FALSE,2,NA,2016-01-16 18:59:42,FALSE,NA,"688435477280501760",NA,"<a href=""http://instagram.com"" rel=""nofollow"">Instagram</a>","mojojojonez",0,FALSE,FALSE,"-122.40294956","37.78656407"
"Chicago","USA","You know how I feel | Chasing sunsets Ì†ΩÌ±åÌ†ºÌøªÌ†ºÌºÖ @ Marin Headlands https://t.co/BYovenxQO7",FALSE,0,NA,2016-01-16 00:32:44,FALSE,NA,"688156897623420929",NA,"<a href=""http://instagram.com"" rel=""nofollow"">Instagram</a>","loverlykiki",0,FALSE,FALSE,"-122.50611111","37.82777778"
"Chicago","USA","Try to draw even if i don't feel like it.  Spill your guts.  #cartoon #cartooninstagram‚Ä¶ https://t.co/gGn3Owv1E6",FALSE,0,NA,2016-01-15 20:21:38,FALSE,NA,"688093704842817538",NA,"<a href=""http://instagram.com"" rel=""nofollow"">Instagram</a>","dboy5446",0,FALSE,FALSE,"-122.41101229","37.73792096"
"Chicago","USA","Weekends make you feel whole. That or coffee. Clearly I have not yet had my coffee or else I'd‚Ä¶ https://t.co/awVCYHv1Vj",FALSE,1,NA,2016-01-15 19:40:17,FALSE,NA,"688083301597343747",NA,"<a href=""http://instagram.com"" rel=""nofollow"">Instagram</a>","scottiemilagro",0,FALSE,FALSE,"-122.4275","37.75833333"
"Chicago","USA","""One thing bout music when it hit you feel no pain, White folks say it controls your brain, I‚Ä¶ https://t.co/rr1SZLz2RU",FALSE,1,NA,2016-01-15 10:02:44,FALSE,NA,"687937957504876544",NA,"<a href=""http://instagram.com"" rel=""nofollow"">Instagram</a>","lordvegan",0,FALSE,FALSE,"-122.2782593","37.7961464"
"Chicago","USA","RT @gregorycortez: @cameovendetta definitely. I feel your vibe!",FALSE,0,NA,2016-01-15 06:00:51,FALSE,NA,"687877082425077760",NA,"<a href=""http://twitter.com/download/iphone"" rel=""nofollow"">Twitter for iPhone</a>","cameovendetta",1,TRUE,FALSE,NA,NA
"Chicago","USA","@cameovendetta definitely. I feel your vibe!",FALSE,1,"cameovendetta",2016-01-15 05:59:54,FALSE,"687875984779952128","687876843043598337","1484238361","<a href=""http://tapbots.com/tweetbot"" rel=""nofollow"">Tweetbot for iŒüS</a>","gregorycortez",1,FALSE,FALSE,"-122.26528155","37.82926582"
"Chicago","USA","I've arrived in San Francisco + this totally describes how I feel about this city! GOOD. VIBES.‚Ä¶ https://t.co/oyOlWFWBKF",FALSE,2,NA,2016-01-15 01:21:24,FALSE,NA,"687806759537373184",NA,"<a href=""http://instagram.com"" rel=""nofollow"">Instagram</a>","NitikaChopra",0,FALSE,FALSE,"-122.418","37.775"
"Chicago","USA","RT @tristanreveur: ""What are your weaknesses?"" 
""Probably the fact that I'm only here because of the shackles of Capitalism or the inabilit‚Ä¶",FALSE,0,NA,2016-01-15 00:27:15,FALSE,NA,"687793130159104001",NA,"<a href=""http://twitter.com/download/iphone"" rel=""nofollow"">Twitter for iPhone</a>","SirenKn1ght",9,TRUE,FALSE,NA,NA
"Chicago","USA","On a separate note. I kind of feel $DJIA is teasing this morning being up 200+ points",FALSE,0,NA,2016-01-14 16:00:56,FALSE,NA,"687665711238402048",NA,"<a href=""http://tapbots.com/tweetbot"" rel=""nofollow"">Tweetbot for iŒüS</a>","gregorycortez",0,FALSE,FALSE,"-122.24457807","37.81054788"
"Chicago","USA","It's just one of those feel-good days where I'm in constant awe of the beauty that surrounds me‚Ä¶ https://t.co/D1xEq49E00",FALSE,1,NA,2016-01-14 01:22:51,FALSE,NA,"687444732721643520",NA,"<a href=""http://instagram.com"" rel=""nofollow"">Instagram</a>","tawnyaschultz",0,FALSE,FALSE,"-122.4632797","37.8726387"
"Chicago","USA","I cannot adequately convey the small puff of joy I feel when I am the only guy on the bus.‚Ä¶ https://t.co/js8PXl45MV",FALSE,0,NA,2016-01-14 00:05:14,FALSE,NA,"687425202297376768",NA,"<a href=""http://instagram.com"" rel=""nofollow"">Instagram</a>","seancdana",0,FALSE,FALSE,"-122.4665909","37.763401"
"Chicago","USA","Status? Thisty. I feel as if I finished this before I even started it... (American Darling) https://t.co/0wiNZYts40 #photo",FALSE,1,NA,2016-01-13 06:42:04,FALSE,NA,"687162681145561088",NA,"<a href=""https://untappd.com"" rel=""nofollow"">Untappd</a>","marianh",0,FALSE,FALSE,"-122.415","37.7723"
"Chicago","USA","@AlexaAlayon howd I get a follower like you? I feel dope 8-)",FALSE,0,"AlexaAlayon",2016-01-13 02:32:51,FALSE,NA,"687099964065841153","460650176","<a href=""http://twitter.com/download/android"" rel=""nofollow"">Twitter for Android</a>","fresh2deaf510",0,FALSE,FALSE,"-122.4730834","37.7232691"
"Chicago","USA","Mmmmm, lovely smell of browned butter and thyme. I feel sorry for people who can‚Äôt cook.",FALSE,1,NA,2016-01-12 04:17:23,FALSE,NA,"686763882904334337",NA,"<a href=""http://tapbots.com/software/tweetbot/mac"" rel=""nofollow"">Tweetbot for Mac</a>","chrisdesalvo",0,FALSE,FALSE,"-122.40324846","37.77508501"
"Chicago","USA","Thank goodness I already had plans to get out of town today--I can't believe the grief I feel‚Ä¶ https://t.co/WgNNCcC1Yp",FALSE,0,NA,2016-01-12 03:16:11,FALSE,NA,"686748481852055552",NA,"<a href=""http://instagram.com"" rel=""nofollow"">Instagram</a>","maggim",0,FALSE,FALSE,"-122.47494969","37.80764757"
"Chicago","USA","At a #bama bar semi-cheering for them.. I feel like I'm doing something wrong #NationalChampionship",FALSE,0,NA,2016-01-12 01:49:24,FALSE,NA,"686726641205161984",NA,"<a href=""http://twitter.com/download/iphone"" rel=""nofollow"">Twitter for iPhone</a>","sarah_bama",0,FALSE,FALSE,"-122.43178822","37.79745967"
"Chicago","USA","I always feel derpy taking selfies but I know y'all have been waiting with bated breath (LOL) to‚Ä¶ https://t.co/wbuS6cuwkV",FALSE,0,NA,2016-01-12 01:21:50,FALSE,NA,"686719702962286592",NA,"<a href=""http://instagram.com"" rel=""nofollow"">Instagram</a>","susiefoo",0,FALSE,FALSE,"-122.418","37.775"
"Chicago","USA","Grey days in San Fran. But hey at least I can feel my fave when I walk outside. Seek sanctuary‚Ä¶ https://t.co/OEWl6TKqi3",FALSE,0,NA,2016-01-11 17:40:30,FALSE,NA,"686603603847479298",NA,"<a href=""http://instagram.com"" rel=""nofollow"">Instagram</a>","solingphoto",0,FALSE,FALSE,"-122.3988876","37.7917519"
"Chicago","USA","Thank you so much everyone for all the wonderful birthday wishes, calls, posts and texts! I feel‚Ä¶ https://t.co/rozoNSBy0Z",FALSE,0,NA,2016-01-11 03:56:10,FALSE,NA,"686396155622744064",NA,"<a href=""http://instagram.com"" rel=""nofollow"">Instagram</a>","Beata_Anna",0,FALSE,FALSE,"-122.4123611","37.7883911"
"Chicago","USA","I feel kind of #naughty because I never made it out to Mother last night. I got dressed and all‚Ä¶ https://t.co/hjXCTNSm0g",FALSE,0,NA,2016-01-10 16:57:27,FALSE,NA,"686230382254096384",NA,"<a href=""http://instagram.com"" rel=""nofollow"">Instagram</a>","jamescduliakas",0,FALSE,FALSE,"-122.4133917","37.78609451"
"San Francisco","USA","// If my location's never unknown ~ Then tell me why I still feel lost \\ PC: mattniccc @ SoHo,‚Ä¶ https://t.co/AwJ3jLHzi2",FALSE,0,NA,2016-01-19 19:06:22,FALSE,NA,"689524317793595392",NA,"<a href=""http://instagram.com"" rel=""nofollow"">Instagram</a>","sam_buttliere",0,FALSE,FALSE,"-74.00083333","40.72305556"
"San Francisco","USA","D.U.O / Irrix

Sigh

How is it that I feel alone around so many wonderful people who love me? I‚Ä¶ https://t.co/jWjNVT38RY",FALSE,0,NA,2016-01-19 19:00:42,FALSE,NA,"689522889431879681",NA,"<a href=""http://instagram.com"" rel=""nofollow"">Instagram</a>","DUOGEAR",0,FALSE,FALSE,"-74.00275","40.70634"
"San Francisco","USA","I definitely feel like I'm talked to directly lol...
Blessings on the making!! @ New York, New York https://t.co/ROwVgLZdOj",FALSE,0,NA,2016-01-19 14:19:25,FALSE,NA,"689452103161384961",NA,"<a href=""http://instagram.com"" rel=""nofollow"">Instagram</a>","Inspiran2te",0,FALSE,FALSE,"-74.0064","40.7142"
"San Francisco","USA","RT @whosyourbidaddy: I can't feel my legs when I do barre but I love it Ì†ºÌæ§ (@ Pure Barre Park Slope in Brooklyn, NY) https://t.co/m6MDki1F6K",FALSE,0,NA,2016-01-19 13:18:16,FALSE,NA,"689436715820277760",NA,"<a href=""http://twitter.com/download/iphone"" rel=""nofollow"">Twitter for iPhone</a>","purebarrepslope",2,TRUE,FALSE,NA,NA
"San Francisco","USA","""I feel like every moment is my moment."" #Deezy #Deezy201 #HellsKitchen #NYC #NewYorkCity‚Ä¶ https://t.co/zFI3zpKUwi",FALSE,0,NA,2016-01-19 12:31:18,FALSE,NA,"689424894249963520",NA,"<a href=""http://instagram.com"" rel=""nofollow"">Instagram</a>","DeezyDaKidd",0,FALSE,FALSE,"-73.99276568","40.76312146"
"San Francisco","USA","REAL FEEL 0¬∞F! I'm not in #Texas anymore... #ZeroDegrees #WindChill #cold #weather #nyc #NewYork‚Ä¶ https://t.co/M21xe9z49J",FALSE,0,NA,2016-01-19 06:54:49,FALSE,NA,"689340217061433345",NA,"<a href=""http://instagram.com"" rel=""nofollow"">Instagram</a>","MichaelMuenchow",0,FALSE,FALSE,"-73.91911687","40.76897257"
"San Francisco","USA","RT @whosyourbidaddy: I can't feel my legs when I do barre but I love it Ì†ºÌæ§ (@ Pure Barre Park Slope in Brooklyn, NY) https://t.co/m6MDki1F6K",FALSE,0,NA,2016-01-19 05:03:26,FALSE,NA,"689312184132890624",NA,"<a href=""http://twitter.com/download/iphone"" rel=""nofollow"">Twitter for iPhone</a>","PureBarreBklyn",2,TRUE,FALSE,NA,NA
"San Francisco","USA","@thebonnierotten that's awful. I hope you feel better soon.",FALSE,1,"thebonnierotten",2016-01-19 04:00:16,FALSE,"689295781338075136","689296289905963008","397013770","<a href=""https://twitter.com/download/android"" rel=""nofollow"">Twitter for Android Tablets</a>","MasterGio",0,FALSE,FALSE,"-73.8869989","40.7033672"
"San Francisco","USA","How I feel when all the girls @sugardaddysnyc wants something to drink! @ Sugardaddys Gentlemens‚Ä¶ https://t.co/DOwUuImIEX",FALSE,0,NA,2016-01-19 03:39:55,FALSE,NA,"689291166873862144",NA,"<a href=""http://instagram.com"" rel=""nofollow"">Instagram</a>","TheTankListNYC",0,FALSE,FALSE,"-73.9426222","40.7395023"
"San Francisco","USA","I'm Ì†ΩÌ∏äcause my feet feel Good @ Rickys 79 St https://t.co/4WAFW9Hykj",FALSE,0,NA,2016-01-19 00:15:49,FALSE,NA,"689239805096497153",NA,"<a href=""http://instagram.com"" rel=""nofollow"">Instagram</a>","christinachild3",0,FALSE,FALSE,"-73.9578781","40.7740097"
"San Francisco","USA","Happy Birthday @drewjoseph! I feel the luckiest to spend not only every birthday, but every day‚Ä¶ https://t.co/oyPccAsFQl",FALSE,0,NA,2016-01-18 23:11:53,FALSE,NA,"689223715897257984",NA,"<a href=""http://instagram.com"" rel=""nofollow"">Instagram</a>","RyanZatcoff",0,FALSE,FALSE,"-73.9879074","40.7640152"
"San Francisco","USA","I feel proud to be an aunt, and blessed to have beautiful godchildren. May the world be kind to‚Ä¶ https://t.co/HOye05euN8",FALSE,0,NA,2016-01-18 23:01:33,FALSE,NA,"689221114619367424",NA,"<a href=""http://instagram.com"" rel=""nofollow"">Instagram</a>","maya00",0,FALSE,FALSE,"-73.9675","40.7779"
"San Francisco","USA","Not sure how I can properly express just how happy... how at peace I feel being home. Even for‚Ä¶ https://t.co/i038oMlonj",FALSE,2,NA,2016-01-18 22:50:25,FALSE,NA,"689218314300592128",NA,"<a href=""http://instagram.com"" rel=""nofollow"">Instagram</a>","bjdavis",0,FALSE,FALSE,"-73.9880905","40.7197609"
"San Francisco","USA","How I feel about the current New York snow fall.

New York City - 
@louisvuitton‚Ä¶ https://t.co/8wHDmSrF6X",FALSE,0,NA,2016-01-18 20:47:59,FALSE,NA,"689187499466485761",NA,"<a href=""http://instagram.com"" rel=""nofollow"">Instagram</a>","PCampbellLinden",0,FALSE,FALSE,"-74.0064","40.7142"
"San Francisco","USA","This view never gets old, even when I can't feel my fingers...‚Ä¶ https://t.co/4hwjGaWBsR",FALSE,0,NA,2016-01-18 20:47:22,FALSE,NA,"689187345107677184",NA,"<a href=""http://instagram.com"" rel=""nofollow"">Instagram</a>","Frost418",0,FALSE,FALSE,"-73.97416667","40.7175"
"San Francisco","USA","I feel saddened that someone is selling some of the ALAMW16 arcs in eBay not okay",FALSE,0,NA,2016-01-18 15:01:29,FALSE,NA,"689100302474162178",NA,"<a href=""http://twitter.com/download/iphone"" rel=""nofollow"">Twitter for iPhone</a>","princessgrace10",0,FALSE,FALSE,"-73.97629275","40.75236387"
"San Francisco","USA","Good morning!!  I feel great on this Monday!  How about you?

#happymonday #freshnewweek‚Ä¶ https://t.co/Y25sbx1HF5",FALSE,0,NA,2016-01-18 14:25:06,FALSE,NA,"689091146295959552",NA,"<a href=""http://instagram.com"" rel=""nofollow"">Instagram</a>","FlowIrec",0,FALSE,FALSE,"-73.9504925","40.67074072"
"San Francisco","USA","@teesanchez_ Ì†ΩÌ∏î You get it like me. I feel your pain. Wish I could comfort you.",FALSE,1,"teesanchez_",2016-01-18 14:08:56,FALSE,"689086660328427520","689087078118871040","96565056","<a href=""http://twitter.com/download/android"" rel=""nofollow"">Twitter for Android</a>","MemoirsOfGaySHA",0,FALSE,FALSE,"-73.9501722","40.6481104"
"San Francisco","USA","Don't you ever feel bad for me....last thing I need is you're fucking pity. I need to fight @‚Ä¶ https://t.co/WevPfM1eVi",FALSE,2,NA,2016-01-18 12:52:27,FALSE,NA,"689067829753155586",NA,"<a href=""http://instagram.com"" rel=""nofollow"">Instagram</a>","FlyMikeMarshall",0,FALSE,FALSE,"-74.0064","40.7142"
"San Francisco","USA","Not sure how I feel about this #snow #gravesend #brooklyn @news12bk #spoiledfromthewarmth‚Ä¶ https://t.co/Z4AmIqVg4I",FALSE,4,NA,2016-01-18 12:18:29,FALSE,NA,"689059281375723520",NA,"<a href=""http://instagram.com"" rel=""nofollow"">Instagram</a>","KatieLusso",0,FALSE,FALSE,"-73.97823785","40.59275969"
"San Francisco","USA","The Words That Mahogany Browne's Spittin Is EXACTLY How I Feel About My Life At This Very‚Ä¶ https://t.co/pBE8cVtLTa",FALSE,0,NA,2016-01-18 11:22:27,FALSE,NA,"689045181593554944",NA,"<a href=""http://instagram.com"" rel=""nofollow"">Instagram</a>","LUVLYBROWN",0,FALSE,FALSE,"-73.919542","40.66971608"
"San Francisco","USA","Few places make me feel this must joy.  When I'm stage, my ancestors come with me. The energy‚Ä¶ https://t.co/14OTl136yr",FALSE,1,NA,2016-01-18 06:45:39,FALSE,NA,"688975520998887424",NA,"<a href=""http://instagram.com"" rel=""nofollow"">Instagram</a>","jessicaCaremoor",0,FALSE,FALSE,"-74.0052902","40.72845871"
"San Francisco","USA","This is literally how I feel every time @Britny1315 gives me love Ì†ΩÌ∏öÌ†ΩÌπà @ First Street Green Art Park https://t.co/HNWyjZFIHZ",FALSE,0,NA,2016-01-18 05:33:39,FALSE,NA,"688957402209751040",NA,"<a href=""http://instagram.com"" rel=""nofollow"">Instagram</a>","rangers1026",0,FALSE,FALSE,"-73.9902954","40.7239075"
"San Francisco","USA","one week ago this remarkable woman had her last show in #springawakening Ì†ΩÌ∏© I feel so honored I‚Ä¶ https://t.co/ANaL7LoEyu",FALSE,0,NA,2016-01-18 04:56:06,FALSE,NA,"688947950559621120",NA,"<a href=""http://instagram.com"" rel=""nofollow"">Instagram</a>","oliviaspuhler",0,FALSE,FALSE,"-73.98692632","40.76027489"
"San Francisco","USA","I feel like if Bernie gets the DNC nod he will be this generation's McGovern, and yet I am still pulling for him anyway.",FALSE,0,NA,2016-01-18 03:02:59,FALSE,NA,"688919485768675328",NA,"<a href=""http://twitter.com/download/android"" rel=""nofollow"">Twitter for Android</a>","CajunTomato",0,FALSE,FALSE,"-73.9274858","40.7592801"
"San Francisco","USA","RT @Yoshokatana: ‚Äú‚Ä¶a young video blogger who has five million followers‚Ä¶‚Äù and now I feel like I‚Äôve wasted my life",FALSE,0,NA,2016-01-18 02:48:45,FALSE,NA,"688915904768413696",NA,"<a href=""http://tapbots.com/tweetbot"" rel=""nofollow"">Tweetbot for iŒüS</a>","akachela",1,TRUE,FALSE,NA,NA
"Las Vegas","USA","Life of a bodybuilder, Meals: another one...another one, another one...but I'm ful...another one...I feel sic....another one Ì†ΩÌ∏¥",FALSE,1,NA,2016-01-18 21:56:11,FALSE,NA,"689204662910763012",NA,"<a href=""http://twitter.com/download/android"" rel=""nofollow"">Twitter for Android</a>","TafsOmeje",0,FALSE,FALSE,"-2.2047402","53.4525789"
"Las Vegas","USA","Monday's in the library..... I feel you Viv. @ All Saints Library https://t.co/NuvrqWT4NN",FALSE,0,NA,2016-01-18 18:00:17,FALSE,NA,"689145298535473153",NA,"<a href=""http://instagram.com"" rel=""nofollow"">Instagram</a>","bethlouisecarey",0,FALSE,FALSE,"-2.23901036","53.47081573"
"Las Vegas","USA","After a day of hospital appointments with my mother I'm home and feel weary but still smiling!‚Ä¶ https://t.co/l07G58fdw8",FALSE,0,NA,2016-01-18 16:35:43,FALSE,NA,"689124014552293377",NA,"<a href=""http://instagram.com"" rel=""nofollow"">Instagram</a>","Gingernut70",0,FALSE,FALSE,"-2.2333","53.4667"
"Las Vegas","USA","Some days my game face is so good I cant help but feel like #comicalali #ministerofmisinformation https://t.co/Td77V3Rd8i",FALSE,0,NA,2016-01-18 14:40:22,FALSE,NA,"689094986508406784",NA,"<a href=""http://www.twitter.com"" rel=""nofollow"">Twitter for Windows Phone</a>","conair346",0,FALSE,FALSE,"-2.28159616","53.46697172"
"Las Vegas","USA","Muslims rights are being eroded left &amp; right. I Feel I should offer to marry someone's wife, or at least do language exchange.",FALSE,1,NA,2016-01-18 13:24:17,FALSE,NA,"689075839435182082",NA,"<a href=""http://twitter.com/download/android"" rel=""nofollow"">Twitter for Android</a>","roisinwein",0,FALSE,FALSE,"-2.2642819","53.519502"
"Las Vegas","USA","Only when I am in an indie coffee bar do I feel that I am with my people",FALSE,1,NA,2016-01-18 11:39:34,FALSE,NA,"689049489747906560",NA,"<a href=""http://twitter.com/download/iphone"" rel=""nofollow"">Twitter for iPhone</a>","RobDylanGower",0,FALSE,FALSE,"-2.23233708","53.47811286"
"Las Vegas","USA","ADIOS DOUCHEPACKER!! Ì†ºÌºéÌ†ºÌºçÌ†ºÌºè
it's going to feel like I've lost my right arm without you in the‚Ä¶ https://t.co/yF54PQER6M",FALSE,0,NA,2016-01-18 10:07:45,FALSE,NA,"689026381376704512",NA,"<a href=""http://instagram.com"" rel=""nofollow"">Instagram</a>","helenrrrr",0,FALSE,FALSE,"-2.27502948","53.36325237"
"Las Vegas","USA","I Feel Love by Donna Summer is #nowplaying in Taurus Bar &amp; Kitchen, Manchester.  Download it now at https://t.co/IdV0wmHg3B",FALSE,0,NA,2016-01-17 16:49:49,FALSE,NA,"688765176263368707",NA,"<a href=""http://www.vjukebox.com"" rel=""nofollow"">Virtual Jukebox - Recent Tracks</a>","VirtualJukebox",0,FALSE,FALSE,"-2.23564482","53.477997"
"Las Vegas","USA","I can't feel my toes",FALSE,0,NA,2016-01-16 15:56:34,FALSE,NA,"688389387743309826",NA,"<a href=""http://twitter.com/download/android"" rel=""nofollow"">Twitter for Android</a>","kathy121255",0,FALSE,FALSE,"-2.1998903","53.4832228"
"Las Vegas","USA","I Don't Feel Like Dancin' by Scissor Sisters is #nowplaying in Taurus Bar &amp; Kitchen, Manchester.  Download it now at https://t.co/YVK1TXvNlR",FALSE,1,NA,2016-01-16 11:46:32,FALSE,NA,"688326464543035392",NA,"<a href=""http://www.vjukebox.com"" rel=""nofollow"">Virtual Jukebox - Recent Tracks</a>","VirtualJukebox",0,FALSE,FALSE,"-2.23564482","53.477997"
"Las Vegas","USA","#100dayshappy #day12 Whenever I feel a little unsure, my beautiful, kind, funny, strong #mum is‚Ä¶ https://t.co/1Rol7ISNZI",FALSE,0,NA,2016-01-15 20:44:09,FALSE,NA,"688099373142519808",NA,"<a href=""http://instagram.com"" rel=""nofollow"">Instagram</a>","EmmaYatesBadley",0,FALSE,FALSE,"-2.2333","53.4667"
"Las Vegas","USA","I've done my winter exams about 2 hours ago and how do I feel now? DISSATISFIED and SHATTERED. Ì†ΩÌ∏û‚Ä¶ https://t.co/T5IGlgadAL",FALSE,0,NA,2016-01-14 18:01:20,FALSE,NA,"687696011393908736",NA,"<a href=""http://instagram.com"" rel=""nofollow"">Instagram</a>","assanbegimov",0,FALSE,FALSE,"-2.2427444","53.4807167"
"Las Vegas","USA","@normanlovett1 I'm so sorry to hear this! As a 'dog parent' I really feel your pain on this xxxx",FALSE,1,"normanlovett1",2016-01-13 18:10:11,FALSE,"687328867510579200","687335849973968900","436119812","<a href=""http://twitter.com/download/android"" rel=""nofollow"">Twitter for Android</a>","DragonEmbers",0,FALSE,FALSE,"-2.2445258","53.4774592"
"Las Vegas","USA","Had to get a sunbed just coz my house is that cold. I can finally feel my toes ....result!",FALSE,0,NA,2016-01-13 17:29:33,FALSE,NA,"687325625590378496",NA,"<a href=""http://www.twitter.com"" rel=""nofollow"">Twitter for Windows Phone</a>","zossmf",0,FALSE,FALSE,"-2.21889186","53.44227576"
"Las Vegas","USA","I feel like I spend so much of my life quoting @ccbvb that I don't have my own identity anymore. I am totally fine with that Ì†ΩÌ∏Ç Ì†ΩÌ∏Ü",FALSE,1,NA,2016-01-13 17:00:40,FALSE,NA,"687318355942965248",NA,"<a href=""http://twitter.com/download/iphone"" rel=""nofollow"">Twitter for iPhone</a>","CCsHeartOfFire",0,FALSE,FALSE,"-2.15426213","53.45220383"
"Las Vegas","USA","@angelaesthetix I'm on the train with sheet music in my hand and it's really full and I feel like breaking into our improv ;)",FALSE,1,"angelaesthetix",2016-01-13 08:27:11,FALSE,NA,"687189131680714752","254120160","<a href=""http://twitter.com/download/android"" rel=""nofollow"">Twitter for Android</a>","Ben_David_",0,FALSE,FALSE,"-2.1624997","53.3999256"
"Las Vegas","USA","She didn't even bloody say Gest. I feel for Angie. #CBB",FALSE,4,NA,2016-01-12 21:12:23,FALSE,NA,"687019316227780610",NA,"<a href=""https://twitter.com/download/android"" rel=""nofollow"">Twitter for Android Tablets</a>","_LucasMichael_",0,FALSE,FALSE,"-2.12833435","53.41974327"
"Las Vegas","USA","I know it is early days but I feel so much better already for having talked to you. THIS WHY TALKING HELPS US TO MAKE SENSE OF OUR CAOS!",FALSE,0,NA,2016-01-12 07:43:28,FALSE,NA,"686815744567447552",NA,"<a href=""https://twitter.com/download/android"" rel=""nofollow"">Twitter for Android Tablets</a>","_mattac_",0,FALSE,FALSE,"-2.3297541","53.4325418"
"Las Vegas","USA","I do love a good improvisation. #Swedishchef #epicmealtime. Feel like #losttravolta looking for ingredients",FALSE,0,NA,2016-01-11 18:41:30,FALSE,NA,"686618955713277953",NA,"<a href=""http://www.twitter.com"" rel=""nofollow"">Twitter for Windows Phone</a>","conair346",0,FALSE,FALSE,"-2.29334193","53.48655"
"Las Vegas","USA","So I‚Äôve not shaved for two weeks, I do like the designer stubble look, but equally like the clean shaven feel. What to do?",FALSE,0,NA,2016-01-10 18:20:36,FALSE,NA,"686251309222211586",NA,"<a href=""http://tapbots.com/tweetbot"" rel=""nofollow"">Tweetbot for iŒüS</a>","jonathaneisaacs",0,FALSE,FALSE,"-2.22324482","53.48076766"
"Las Vegas","USA","@lornaakb awwh I know how you feel! I need to book a holiday or something",FALSE,0,"lornaakb",2016-01-10 17:38:40,FALSE,"685503135624880128","686240755719995392","104284956","<a href=""http://www.twitter.com"" rel=""nofollow"">Twitter for Windows Phone</a>","zossmf",0,FALSE,FALSE,"-2.2097497","53.44157415"
"Washington","USA","It's only been one month since I stopped smoking and drinking and I feel like a new man. I also‚Ä¶ https://t.co/tQ4QHlqnUF",FALSE,0,NA,2016-01-19 17:48:40,FALSE,NA,"689504762425802752",NA,"<a href=""http://instagram.com"" rel=""nofollow"">Instagram</a>","MplayMusic",0,FALSE,FALSE,"-118.475147","33.995332"
"Washington","USA","I feel like a meme, ""goes to a movie premiere once."" Thanks to the designer @ammichaelsen for‚Ä¶ https://t.co/MOOIYdItqX",FALSE,0,NA,2016-01-19 17:20:50,FALSE,NA,"689497758533718017",NA,"<a href=""http://instagram.com"" rel=""nofollow"">Instagram</a>","HaileyMagoon",0,FALSE,FALSE,"-118.3160095","34.0829697"
"Washington","USA","I Love to feel sexy... #model #sexy #fashion #love #girl #hot #Lingerie #LA #USA #elitemodels‚Ä¶ https://t.co/QAxak2KVsD",FALSE,1,NA,2016-01-19 16:42:56,FALSE,NA,"689488218513739776",NA,"<a href=""http://instagram.com"" rel=""nofollow"">Instagram</a>","esti_palombo",0,FALSE,FALSE,"-118.243","34.0522"
"Washington","USA","It makes me feel #good to see the #logo for #theOriginalArticle on things. Here. I #Go...‚Ä¶ https://t.co/5IvHHvraQN",FALSE,0,NA,2016-01-19 08:31:56,FALSE,NA,"689364655504883712",NA,"<a href=""http://instagram.com"" rel=""nofollow"">Instagram</a>","ParagraphAddict",0,FALSE,FALSE,"-118.481","34.0221"
"Washington","USA","@EricasTiara I feel like she a lot of great qualities she is just using her time with Ben wisely ... #doesnttakeforgranted",FALSE,0,"EricasTiara",2016-01-19 06:52:18,FALSE,"689338989921304576","689339582345646081","187279375","<a href=""http://twitter.com/download/iphone"" rel=""nofollow"">Twitter for iPhone</a>","leslieahughes",0,FALSE,FALSE,"-118.40099152","34.16712363"
"Washington","USA","Feel like I should be drinking this at 10 in the morning as I go for a... (Tennent's Lager) https://t.co/YF4kaTeHZM #photo",FALSE,0,NA,2016-01-19 06:45:28,FALSE,NA,"689337865139015681",NA,"<a href=""https://untappd.com"" rel=""nofollow"">Untappd</a>","kristophernoble",0,FALSE,FALSE,"-118.325","34.1059"
"Washington","USA","""Whenever I'm alone with you, you make me feel like I am home again""  #homeiswheretheheartis‚Ä¶ https://t.co/fmXiFxFEcS",FALSE,0,NA,2016-01-19 06:31:53,FALSE,NA,"689334443132211200",NA,"<a href=""http://instagram.com"" rel=""nofollow"">Instagram</a>","AlexandraCohn",0,FALSE,FALSE,"-118.363349","34.167831"
"Washington","USA","Words can not express how lucky and blessed I feel!.... It hasn't been an easy few weeks and I'm‚Ä¶ https://t.co/SRwlKGqrXm",FALSE,0,NA,2016-01-19 05:32:08,FALSE,NA,"689319408796303360",NA,"<a href=""http://instagram.com"" rel=""nofollow"">Instagram</a>","MissJenChase",0,FALSE,FALSE,"-118.4875717","34.0281906"
"Washington","USA","She got me #truereligion jeans I feel so loved!!! @truereligion  #greatestnannyintheworld @ Los‚Ä¶ https://t.co/SY8nApkGy6",FALSE,0,NA,2016-01-19 03:37:27,FALSE,NA,"689290549140930560",NA,"<a href=""http://instagram.com"" rel=""nofollow"">Instagram</a>","IamDelaremore",0,FALSE,FALSE,"-118.243","34.0522"
"Washington","USA","Damn I feel sick @ Los Angeles, California https://t.co/scPojisU1m",FALSE,0,NA,2016-01-19 02:52:46,FALSE,NA,"689279302437892096",NA,"<a href=""http://instagram.com"" rel=""nofollow"">Instagram</a>","chinikalanina",0,FALSE,FALSE,"-118.243","34.0522"
"Washington","USA","My street. My town. Some days feel impossible, but then I look outside and realize: I've got‚Ä¶ https://t.co/tAPQ25lK2r",FALSE,0,NA,2016-01-18 22:35:45,FALSE,NA,"689214619819339776",NA,"<a href=""http://instagram.com"" rel=""nofollow"">Instagram</a>","NoTweetBrodie",0,FALSE,FALSE,"-118.35198087","34.10172367"
"Washington","USA","January 18 // 2:07 p.m. -
Somebody told me yesterday to not give up on myself. Feel like I‚Ä¶ https://t.co/NisEkrh806",FALSE,0,NA,2016-01-18 22:09:09,FALSE,NA,"689207926444179456",NA,"<a href=""http://instagram.com"" rel=""nofollow"">Instagram</a>","Frrrvnk",0,FALSE,FALSE,"-118.448","34.1511"
"Washington","USA","Just watched press conf 4 @FlashGJr! Now I feel sick cuz they couldn't praise him more! @Dodgers will regret that dumb move 4 eternity!!!",FALSE,0,NA,2016-01-18 21:02:54,FALSE,NA,"689191256623153153",NA,"<a href=""http://twitter.com/download/android"" rel=""nofollow"">Twitter for Android</a>","Danceindadugout",0,FALSE,FALSE,"-118.4238835","34.0116631"
"Washington","USA","I feel an 8 shot day coming on! ‚òïÔ∏è = ‚ö°Ô∏è #newcarman (@ Starbucks in Sherman Oaks, CA) https://t.co/fPdndQzqjR",FALSE,0,NA,2016-01-18 20:16:36,FALSE,NA,"689179602363805696",NA,"<a href=""http://foursquare.com"" rel=""nofollow"">Foursquare</a>","premierlease",0,FALSE,FALSE,"-118.428146","34.147724"
"Washington","USA","""Wayyyy up I feel blessed"" Ì†ΩÌπèÌ†ºÌøæ #HowToStartAMonday #greatworkout #mind #body #soul #heart‚Ä¶ https://t.co/Y8xpAyDdfV",FALSE,0,NA,2016-01-18 19:30:54,FALSE,NA,"689168101187973122",NA,"<a href=""http://instagram.com"" rel=""nofollow"">Instagram</a>","iamchimere",0,FALSE,FALSE,"-118.401","34.0078"
"Washington","USA","How I feel on Mondays #happymonday #monday #goodmorning #wakeup #awake #dubsmash @ Los Angeles,‚Ä¶ https://t.co/yKGlw2TSCa",FALSE,1,NA,2016-01-18 18:12:05,FALSE,NA,"689148268010455040",NA,"<a href=""http://instagram.com"" rel=""nofollow"">Instagram</a>","the_davidluna",0,FALSE,FALSE,"-118.243","34.0522"
"Washington","USA","I worked out so hard this weekend I feel like somebody hit me all over my body like 50 times‚Ä¶ https://t.co/rOfM3F4HMi",FALSE,0,NA,2016-01-18 17:02:38,FALSE,NA,"689130791205343232",NA,"<a href=""http://instagram.com"" rel=""nofollow"">Instagram</a>","5tevieboy",0,FALSE,FALSE,"-118.33940773","34.10171884"
"Washington","USA","RT @MotaMotajr: #38 coming up,  I look and feel like a million bucks!
#BOXING #BOXER #BOXEO #SPARRING #SPAR‚Ä¶ https://t.co/BAxbE1u2nz",FALSE,0,NA,2016-01-18 15:38:36,FALSE,NA,"689109644502011904",NA,"<a href=""https://roundteam.co"" rel=""nofollow"">RoundTeam</a>","FDBoxingHub",1,TRUE,FALSE,NA,NA
"Washington","USA","@mchl_jackson ""Hes My Soul Love Music! I GrewxUp Listening To Micheals Oldies A.B.C 123 Ya Feel me My Favorite Song Was I'll Be There /BEN!",FALSE,0,"mchl_jackson",2016-01-18 15:12:16,FALSE,NA,"689103014234296321","316610207","<a href=""http://twitter.com/download/android"" rel=""nofollow"">Twitter for Android</a>","JezsusJ",0,FALSE,FALSE,"-118.2115202","34.049375"
"Washington","USA","#38 coming up,  I look and feel like a million bucks!
#BOXING #BOXER #BOXEO #SPARRING #SPAR‚Ä¶ https://t.co/BAxbE1u2nz",FALSE,0,NA,2016-01-18 15:09:02,FALSE,NA,"689102201847943168",NA,"<a href=""http://instagram.com"" rel=""nofollow"">Instagram</a>","MotaMotajr",1,FALSE,FALSE,"-118.3698883","34.2092018"
"Washington","USA","This statement makes me feel unique like a four leaf clover - rare! I would go outa my way to‚Ä¶ https://t.co/C0oasEU45K",FALSE,0,NA,2016-01-18 09:38:34,FALSE,NA,"689019038589153280",NA,"<a href=""http://instagram.com"" rel=""nofollow"">Instagram</a>","dionna247_86",0,FALSE,FALSE,"-118.605","34.1683"
"Washington","USA","I don't know how I feel @ Santa Monica Beach https://t.co/ypeTz2pD1j",FALSE,0,NA,2016-01-18 09:21:03,FALSE,NA,"689014631013175296",NA,"<a href=""http://instagram.com"" rel=""nofollow"">Instagram</a>","i_am_peachchan",0,FALSE,FALSE,"-118.50166667","34.015"
"Washington","USA","Whatever makes my soul feel good, in 2016, that's what I'm chasing.-- it's lit.",FALSE,0,NA,2016-01-18 08:50:49,FALSE,NA,"689007021312483329",NA,"<a href=""http://www.twitter.com"" rel=""nofollow"">Twitter for Windows Phone</a>","yungtakisauce",0,FALSE,FALSE,"-118.33263416","34.10537861"
"Washington","USA","Exactly how I feel chrisbrownofficial Ì†ΩÌ≤Ø #Zblkharte @ Los Angeles, California https://t.co/htq9LEL5Lb",FALSE,0,NA,2016-01-18 08:00:11,FALSE,NA,"688994276479385601",NA,"<a href=""http://instagram.com"" rel=""nofollow"">Instagram</a>","ZBLKHARTE",0,FALSE,FALSE,"-118.243","34.0522"
"Washington","USA","@oliverbutler hi Oliver! loving this debate, even w/ the flashes of irrational annoyance I feel whenever O'Malley chimes in. Kinda great.",FALSE,1,"oliverbutler",2016-01-18 03:21:32,FALSE,NA,"688924152678322176","21947182","<a href=""http://twitter.com/#!/download/ipad"" rel=""nofollow"">Twitter for iPad</a>","capnjoy",0,FALSE,FALSE,"-118.28937884","34.10534646"
"Washington","USA","RT @samandude: I feel lonelier than ever now.",FALSE,0,NA,2016-01-18 02:32:48,FALSE,NA,"688911887740710912",NA,"<a href=""http://twitter.com/download/iphone"" rel=""nofollow"">Twitter for iPhone</a>","lurkoIogist",12,TRUE,FALSE,NA,NA
"New York","USA","#SESacapella gig at the Park Plaza Westminster Bridge Hotel :) I feel like Sammy Davis Jr. @‚Ä¶ https://t.co/id2ggh1t2g",FALSE,0,NA,2016-01-19 19:25:02,FALSE,NA,"689529015590256640",NA,"<a href=""http://instagram.com"" rel=""nofollow"">Instagram</a>","AbbiAsante",0,FALSE,FALSE,"-0.1172661","51.500782"
"New York","USA","Sometimes I feel to stand on top of these buildings and look down. Just for fun tho. Lost in‚Ä¶ https://t.co/BgVvf0Itif",FALSE,0,NA,2016-01-19 18:49:35,FALSE,NA,"689520091726241792",NA,"<a href=""http://instagram.com"" rel=""nofollow"">Instagram</a>","hibi_bibi",0,FALSE,FALSE,"-0.13318437","51.51312043"
"New York","USA","How I feel this week. #whackwithpoobrain https://t.co/FTbYReTZH2",FALSE,0,NA,2016-01-19 17:25:14,FALSE,NA,"689498867361026048",NA,"<a href=""http://twitter.com/download/iphone"" rel=""nofollow"">Twitter for iPhone</a>","SophieGarrod1",0,FALSE,FALSE,"-0.23696392","51.51377237"
"New York","USA","The way I feel...Can a car sickness bring on your own sickness? #lol",FALSE,0,NA,2016-01-19 16:52:03,FALSE,NA,"689490512911470594",NA,"<a href=""http://klinkerapps.com"" rel=""nofollow"">Talon Plus</a>","raggamuffs",0,FALSE,FALSE,"-0.0394643","51.4549539"
"New York","USA","The stunning hazelnut, almond and pistachio ice cream coupe bellanger_n1 I'm not sure how I feel‚Ä¶ https://t.co/KwRzesKBNO",FALSE,0,NA,2016-01-19 15:36:40,FALSE,NA,"689471542183395328",NA,"<a href=""http://instagram.com"" rel=""nofollow"">Instagram</a>","ThanePrince",0,FALSE,FALSE,"-0.10301451","51.53630799"
"New York","USA","No worries then because I certainly don‚Äôt feel happy after reading that kick in the‚Ä¶ https://t.co/Tfj3BUqF0u",FALSE,0,NA,2016-01-19 11:12:26,FALSE,NA,"689405047315177473",NA,"<a href=""http://instagram.com"" rel=""nofollow"">Instagram</a>","LukeofKondor",0,FALSE,FALSE,"-0.13134784","51.51330224"
"New York","USA","I can‚Äôt feel my face. Just like at home!",FALSE,1,NA,2016-01-19 10:24:57,FALSE,NA,"689393098598703104",NA,"<a href=""http://tapbots.com/tweetbot"" rel=""nofollow"">Tweetbot for iŒüS</a>","mcmar",0,FALSE,FALSE,"-0.07942733","51.50358258"
"New York","USA","""Today for the time I learned what it's like to lose the faith in someone. To feel as if all‚Ä¶ https://t.co/WnxPlLWeda",FALSE,0,NA,2016-01-19 06:17:10,FALSE,NA,"689330742090936320",NA,"<a href=""http://instagram.com"" rel=""nofollow"">Instagram</a>","LuciellaLovee",0,FALSE,FALSE,"-0.13318596","51.61002661"
"New York","USA","@akachela @Sxottlan I feel a lot dirtier now‚Ä¶",FALSE,1,"akachela",2016-01-19 01:04:05,FALSE,"689251602264387589","689251951901544448","55633057","<a href=""http://tapbots.com/tweetbot"" rel=""nofollow"">Tweetbot for iŒüS</a>","mcmar",0,FALSE,FALSE,"-0.00697483","51.5360276"
"New York","USA","What a wonderful evening, I feel blessed to have been there... #jonathanollivier #gala‚Ä¶ https://t.co/MRvJJBLVvm",FALSE,0,NA,2016-01-19 00:53:38,FALSE,NA,"689249321766768640",NA,"<a href=""http://instagram.com"" rel=""nofollow"">Instagram</a>","wingsof_a_dream",0,FALSE,FALSE,"-0.10618851","51.52930525"
"New York","USA","Well today has actually been an awesome day! I feel like a cloud has lifted Ì†ΩÌ∏äÌ†ºÌºûÌ†ºÌºù",FALSE,0,NA,2016-01-18 22:47:40,FALSE,NA,"689217620902592513",NA,"<a href=""http://twitter.com/download/iphone"" rel=""nofollow"">Twitter for iPhone</a>","Stasia450",0,FALSE,FALSE,"-0.07525063","51.51154846"
"New York","USA","Sometimes we don't feel like going training..yes I also have those days, but get reminded of my‚Ä¶ https://t.co/NZoYJiIYOR",FALSE,0,NA,2016-01-18 21:33:57,FALSE,NA,"689199070653485056",NA,"<a href=""http://instagram.com"" rel=""nofollow"">Instagram</a>","jranthe",0,FALSE,FALSE,"-0.02887006","51.57588652"
"New York","USA","London/Paris has been freezing yet so amazing. I can't feel my hands and face! #afterlight‚Ä¶ https://t.co/09TpVcdaZp",FALSE,0,NA,2016-01-18 17:57:22,FALSE,NA,"689144566478442498",NA,"<a href=""http://instagram.com"" rel=""nofollow"">Instagram</a>","adlafini",0,FALSE,FALSE,"-0.13134784","51.51330224"
"New York","USA","I feel sorry for Monday's really Ì†ΩÌ∏Ç Hope you've all had a good start to your week!! ‚ù§ Remember to‚Ä¶ https://t.co/IkzarmS5Lt",FALSE,1,NA,2016-01-18 17:56:40,FALSE,NA,"689144389663363072",NA,"<a href=""http://instagram.com"" rel=""nofollow"">Instagram</a>","DanniGirlFit",0,FALSE,FALSE,"-0.13134784","51.51330224"
"New York","USA","Currently looking for a job I'm prepared to start as soon as possible please feel free to get in‚Ä¶ https://t.co/GbVS2axzmD",FALSE,0,NA,2016-01-18 10:15:17,FALSE,NA,"689028279039315968",NA,"<a href=""http://instagram.com"" rel=""nofollow"">Instagram</a>","1MightyTJ",0,FALSE,FALSE,"-0.09612","51.43588"
"New York","USA","RT @LisaYoungIn: Working about 200 metres on foot from #Kamps #bakery makes me feel like I actually live in #Germany. YUMMY!! #GermaninLond‚Ä¶",FALSE,0,NA,2016-01-18 08:00:04,FALSE,NA,"688994249610776576",NA,"<a href=""http://twitter.com/download/iphone"" rel=""nofollow"">Twitter for iPhone</a>","SandyMakesSense",1,TRUE,FALSE,NA,NA
"New York","USA","How i exactly feel, on a Monday.... #mondayblues @ London Paddington Station https://t.co/BTgYnNyBkE",FALSE,0,NA,2016-01-18 06:12:20,FALSE,NA,"688967138107875328",NA,"<a href=""http://instagram.com"" rel=""nofollow"">Instagram</a>","Qibnaqib",0,FALSE,FALSE,"-0.17867259","51.51709403"
"New York","USA","I feel privileged to have met you tonight Laura... Not only are you  an amazing vocalist... Who‚Ä¶ https://t.co/kX18hvsxhq",FALSE,0,NA,2016-01-18 01:06:21,FALSE,NA,"688890134473904128",NA,"<a href=""http://instagram.com"" rel=""nofollow"">Instagram</a>","IamDomUppiah",0,FALSE,FALSE,"-0.14948014","51.44273626"
"New York","USA","I Feel Love by Donna Summer is #nowplaying in MOMMI, London.",FALSE,1,NA,2016-01-17 23:42:37,FALSE,NA,"688869063343403008",NA,"<a href=""http://www.vjukebox.com"" rel=""nofollow"">Virtual Jukebox - Recent Tracks</a>","VirtualJukebox",0,FALSE,FALSE,"-0.13571776","51.46295945"
"New York","USA","I'll make this feel like home... remember how good it was being here last night.

Miss this‚Ä¶ https://t.co/e1KbFIJaVX",FALSE,0,NA,2016-01-17 23:28:23,FALSE,NA,"688865479079907328",NA,"<a href=""http://instagram.com"" rel=""nofollow"">Instagram</a>","amy_chiddy",0,FALSE,FALSE,"-0.1482","51.55113"
"New York","USA","You never know.. But I got a feel it's near Ì†ΩÌπè #hardwork #fiyahouse #justusdancetheatre #justdoit‚Ä¶ https://t.co/Nqfd7qBkf9",FALSE,0,NA,2016-01-17 22:46:05,FALSE,NA,"688854832812306433",NA,"<a href=""http://instagram.com"" rel=""nofollow"">Instagram</a>","DicksonMbi",0,FALSE,FALSE,"-0.08049794","51.51861593"
"New York","USA","@MardySarge Yup. I feel your pain. I don't bother to argue. I don't want to get into one of those convos",FALSE,0,"MardySarge",2016-01-17 21:02:34,FALSE,"688826784708751360","688828784175394816","2971596971","<a href=""https://twitter.com/download/android"" rel=""nofollow"">Twitter for Android Tablets</a>","libertygal72",0,FALSE,FALSE,"-0.07399735","51.38528269"
"New York","USA","RT @OnPlanetPaul: Feel like 1 millions bucks... Look like 1... Use the row machine I thought... Fuck me.. My body‚Ä¶ https://t.co/GNfRVUCqRR",FALSE,0,NA,2016-01-17 21:00:45,FALSE,NA,"688828327512023040",NA,"<a href=""http://twitter.com/download/iphone"" rel=""nofollow"">Twitter for iPhone</a>","LuckyStarPaul",1,TRUE,FALSE,NA,NA
"New York","USA","Feel like I'm in Alice in Wonderland! Love it. #trippy #lumiereldn #magicalgarden‚Ä¶ https://t.co/HbZ4L85hte",FALSE,0,NA,2016-01-17 19:22:44,FALSE,NA,"688803661661614080",NA,"<a href=""http://instagram.com"" rel=""nofollow"">Instagram</a>","HelenRynne",0,FALSE,FALSE,"-0.12928758","51.51071119"
"New York","USA","RT @seheard: @suebrownstories I feel much more comfortable as a gay Christian now than I did 30 years ago. ""All manner of things shall be w‚Ä¶",FALSE,0,NA,2016-01-17 16:22:24,FALSE,NA,"688758276096430080",NA,"<a href=""http://twitter.com"" rel=""nofollow"">Twitter Web Client</a>","suebrownstories",1,TRUE,FALSE,NA,NA
"New York","USA","@suebrownstories I feel much more comfortable as a gay Christian now than I did 30 years ago. ""All manner of things shall be well"". :-)",FALSE,4,"suebrownstories",2016-01-17 16:19:48,FALSE,"688734062467506176","688757624624517120","189992446","<a href=""http://www.handmark.com"" rel=""nofollow"">TweetCaster for iOS</a>","seheard",1,FALSE,FALSE,"-0.066811","51.644791"
"Manchester","UK","@george_b223 no candles mate don't like turning the lights off in the bath la I feel to vulnerable",FALSE,0,"george_b223",2016-01-17 23:02:33,FALSE,"688856408780066817","688858977719943168","282499926","<a href=""http://twitter.com/download/iphone"" rel=""nofollow"">Twitter for iPhone</a>","MasonJake",0,FALSE,FALSE,"-2.92228953","53.42066268"
"Manchester","UK","RT @ADAMR1: Gemma: ""I feel like someone is watching me sleep Ì†ΩÌ∏≠Ì†ΩÌ∏≠""

... You're on Big Brother, love #CBB",FALSE,0,NA,2016-01-17 22:21:06,FALSE,NA,"688848545806462976",NA,"<a href=""http://twitter.com/#!/download/ipad"" rel=""nofollow"">Twitter for iPad</a>","abbiesxo",2,TRUE,FALSE,NA,NA
"Manchester","UK","RT @ADAMR1: Gemma: ""I feel like someone is watching me sleep Ì†ΩÌ∏≠Ì†ΩÌ∏≠""

... You're on Big Brother, love #CBB",FALSE,0,NA,2016-01-17 21:57:56,FALSE,NA,"688842716613062657",NA,"<a href=""http://twitter.com/download/iphone"" rel=""nofollow"">Twitter for iPhone</a>","NatsLooney",2,TRUE,FALSE,NA,NA
"Manchester","UK","Gemma: ""I feel like someone is watching me sleep Ì†ΩÌ∏≠Ì†ΩÌ∏≠""

... You're on Big Brother, love #CBB",FALSE,3,NA,2016-01-17 21:57:19,FALSE,NA,"688842560094208004",NA,"<a href=""http://twitter.com/download/iphone"" rel=""nofollow"">Twitter for iPhone</a>","ADAMR1",2,FALSE,FALSE,"-2.87458182","53.45008139"
"Manchester","UK","@yasim0 I feel like we're on the verge of comparing being a chav to sexuality here which is ridiculous so I think I'm done here",FALSE,0,"yasim0",2016-01-17 18:15:27,FALSE,"688786120243556353","688786728971292672","88549795","<a href=""http://twitter.com/download/iphone"" rel=""nofollow"">Twitter for iPhone</a>","M_Riley93",0,FALSE,FALSE,"-2.92599506","53.38814097"
"Manchester","UK","Feel like I'm ready to get a cold the amount of sneezin I've done since yesterday",FALSE,0,NA,2016-01-17 10:43:29,FALSE,NA,"688672987688660992",NA,"<a href=""http://www.twitter.com"" rel=""nofollow"">Twitter for Windows Phone</a>","xNicole06",0,FALSE,FALSE,"-2.886842","53.487165"
"Manchester","UK","@dalehay I'd feel dead if I lived in Weston ;)",FALSE,0,"dalehay",2016-01-15 19:35:32,FALSE,"688081795821236224","688082104979222528","10440","<a href=""http://www.twitter.com"" rel=""nofollow"">Twitter for Windows Phone</a>","c_wood",0,FALSE,FALSE,"-2.968758","53.40240827"
"Manchester","UK","Feel like I need to watch 'legally blonde' for some motivation",FALSE,0,NA,2016-01-14 21:17:31,FALSE,NA,"687745384416960512",NA,"<a href=""http://twitter.com/download/iphone"" rel=""nofollow"">Twitter for iPhone</a>","shaunamccarthy_",0,FALSE,FALSE,"-2.9366474","53.39701221"
"Manchester","UK","My view this time last week Ì†ΩÌ∏ç

Finally rode the Liverpool Echo... I can't help but feel a tad‚Ä¶ https://t.co/bGdNszQw2K",FALSE,0,NA,2016-01-13 20:04:25,FALSE,NA,"687364600270958592",NA,"<a href=""http://instagram.com"" rel=""nofollow"">Instagram</a>","FadFND",0,FALSE,FALSE,"-2.99181634","53.39741917"
"Manchester","UK","RT @Craftivists: I feel like a teenager again = buying @adbustersmag in my fav radical bookshop Ì†ΩÌ∏ä (@ News From Nowhere) https://t.co/U5A9gL‚Ä¶",FALSE,0,NA,2016-01-12 18:31:09,FALSE,NA,"686978737888444416",NA,"<a href=""http://twitter.com/download/android"" rel=""nofollow"">Twitter for Android</a>","BookshopEye",1,TRUE,FALSE,NA,NA
"Manchester","UK","I feel like a teenager again = buying @adbustersmag in my fav radical bookshop Ì†ΩÌ∏ä (@ News From Nowhere) https://t.co/U5A9gLxdAp",FALSE,0,NA,2016-01-12 17:16:44,FALSE,NA,"686960009876471808",NA,"<a href=""http://foursquare.com"" rel=""nofollow"">Foursquare</a>","Craftivists",1,FALSE,FALSE,"-2.97757588","53.40274821"
"Liverpool","UK","I feel like Templeton after the fair in Charlotte's Web. #charlottesweb #stuffed @ The Buffet At‚Ä¶ https://t.co/C1Z3lwDBjt",FALSE,0,NA,2016-01-19 06:08:41,FALSE,NA,"689328606988886016",NA,"<a href=""http://instagram.com"" rel=""nofollow"">Instagram</a>","queerfatfemme",0,FALSE,FALSE,"-115.16530507","36.1268031"
"Liverpool","UK","On a indoor gondola ride.  Our guy stirring the boat sang to us.  This makes me feel like I'm in‚Ä¶ https://t.co/iCQMrUZlRx",FALSE,0,NA,2016-01-19 01:01:09,FALSE,NA,"689251213221715972",NA,"<a href=""http://instagram.com"" rel=""nofollow"">Instagram</a>","MissLouMae",0,FALSE,FALSE,"-115.16972605","36.12209015"
"Liverpool","UK","This is so true! He stunk in Philadelphia! He's a total choke! I feel sorry for KC! I really‚Ä¶ https://t.co/rufY529j8u",FALSE,0,NA,2016-01-18 21:24:46,FALSE,NA,"689196759097151488",NA,"<a href=""http://instagram.com"" rel=""nofollow"">Instagram</a>","T2P_Boxing",0,FALSE,FALSE,"-115.136","36.175"
"Liverpool","UK","Today marks one year with the guy who always makes me feel like I am‚Ä¶ https://t.co/Up42DB3Kyi",FALSE,5,NA,2016-01-18 20:44:14,FALSE,NA,"689186557241217024",NA,"<a href=""http://instagram.com"" rel=""nofollow"">Instagram</a>","nicolemango101",0,FALSE,FALSE,"-115.04082192","36.1525032"
"Liverpool","UK","I feel that @ Las Vegas, Nevada https://t.co/p2gJ29JonD",FALSE,0,NA,2016-01-18 19:45:12,FALSE,NA,"689171700311846912",NA,"<a href=""http://instagram.com"" rel=""nofollow"">Instagram</a>","916tothe775",0,FALSE,FALSE,"-115.136","36.175"
"Liverpool","UK","@syd_viciously I feel terrible but I'm powering through.",FALSE,0,"syd_viciously",2016-01-18 16:47:21,FALSE,"689126672818278401","689126944286220288","170019894","<a href=""http://tapbots.com/tweetbot"" rel=""nofollow"">Tweetbot for iŒüS</a>","brunchbuttplug",0,FALSE,FALSE,"-115.27391052","36.08717346"
"Liverpool","UK","For all the times you made me feel small i fell inlove but i fear‚Ä¶ https://t.co/uVeK4zN70d",FALSE,0,NA,2016-01-18 06:24:36,FALSE,NA,"688970223253352448",NA,"<a href=""http://instagram.com"" rel=""nofollow"">Instagram</a>","jaydalicious69",0,FALSE,FALSE,"-115.17143977","36.10996746"
"Liverpool","UK","I feel so completeeeee. Thanks chino_lokez!! #animalcrossing #amiibocards #amiibo #Timmy #meli‚Ä¶ https://t.co/oczQj4qaRL",FALSE,1,NA,2016-01-17 22:53:22,FALSE,NA,"688856667740442624",NA,"<a href=""http://instagram.com"" rel=""nofollow"">Instagram</a>","spiffster226",0,FALSE,FALSE,"-115.1894989","36.1259499"
"Liverpool","UK","Me and this one; instant besties! What a great night and feel like I made a really good friend‚Ä¶ https://t.co/ALREUjSdaV",FALSE,11,NA,2016-01-17 20:25:15,FALSE,NA,"688819394567401472",NA,"<a href=""http://instagram.com"" rel=""nofollow"">Instagram</a>","JPDuboisxxx",0,FALSE,FALSE,"-115.1697998","36.1436806"
"Liverpool","UK","When I am  in Vegas on vacation with my siblings and I don't feel‚Ä¶ https://t.co/UuGwswXb5K",FALSE,0,NA,2016-01-17 19:18:05,FALSE,NA,"688802488603045888",NA,"<a href=""http://instagram.com"" rel=""nofollow"">Instagram</a>","MsJHG",0,FALSE,FALSE,"-115.16495615","36.13790926"
"Liverpool","UK","I feel like something is watching us when we sleep. #IsItSanta #IsItEdward #lasvegas #RnR2016 @‚Ä¶ https://t.co/GfEaPJfHll",FALSE,0,NA,2016-01-15 23:35:08,FALSE,NA,"688142403266449408",NA,"<a href=""http://instagram.com"" rel=""nofollow"">Instagram</a>","GSnaps",0,FALSE,FALSE,"-115.19504181","36.1146947"
"Liverpool","UK","Love how I feel",FALSE,0,NA,2016-01-15 22:28:24,FALSE,NA,"688125607368998912",NA,"<a href=""http://tapbots.com/tweetbot"" rel=""nofollow"">Tweetbot for iŒüS</a>","strangestbabe",0,FALSE,FALSE,"-115.26078642","36.19764217"
"Liverpool","UK","@truthordoor - I feel like I don't get the full experience because I can't eat a lot at once, I'm a grazer. Lol",FALSE,0,"truthordoor",2016-01-14 22:33:33,FALSE,"687762288711958532","687764517657260032","90547258","<a href=""http://twitter.com/download/iphone"" rel=""nofollow"">Twitter for iPhone</a>","viaMelissa",0,FALSE,FALSE,"-115.17305952","36.10268827"
"Liverpool","UK","RT @maybaay: I feel like jaz Elysia and I are just going to be in bed all day Ì†ΩÌ∏¥Ì†ΩÌ∏¥",FALSE,0,NA,2016-01-14 21:16:11,FALSE,NA,"687745048109264896",NA,"<a href=""http://twitter.com/download/android"" rel=""nofollow"">Twitter for Android</a>","Elysiuhhh",1,TRUE,FALSE,NA,NA
"Liverpool","UK","This perfectly describes how I feel right after a week in #Vegas #wordoftheday #wordporn #quote‚Ä¶ https://t.co/lOCCnUcJQW",FALSE,0,NA,2016-01-14 17:27:48,FALSE,NA,"687687570889773056",NA,"<a href=""http://instagram.com"" rel=""nofollow"">Instagram</a>","hhernandez1230",0,FALSE,FALSE,"-115.16957961","36.10258958"
"Liverpool","UK","I'm at the 11th biggest hotel in the world and I feel like my room is a hundred miles from‚Ä¶ https://t.co/mZRgepGrU3",FALSE,1,NA,2016-01-14 07:25:10,FALSE,NA,"687535913535012864",NA,"<a href=""http://instagram.com"" rel=""nofollow"">Instagram</a>","gfreefun",0,FALSE,FALSE,"-115.17654025","36.10768644"
"Liverpool","UK","I look and feel like a Asian boy when I eat "" Life Pleasure #1 ( Eat ) #2 ( Food ) #3 ( Eat‚Ä¶ https://t.co/VzU7wXtcvJ",FALSE,0,NA,2016-01-14 05:53:38,FALSE,NA,"687512880434954240",NA,"<a href=""http://instagram.com"" rel=""nofollow"">Instagram</a>","HERMESPARADISO",0,FALSE,FALSE,"-115.17529172","36.11283359"
"Liverpool","UK","@Bernie2016tv Yup... I feel tha heat,ha ha,I means The Burn,guess the heat was next door again.",FALSE,0,"Bernie2016tv",2016-01-14 05:03:15,FALSE,"686762868642037760","687500199393021952","3250914614","<a href=""http://www.twitter.com"" rel=""nofollow"">Twitter for Windows Phone</a>","TracieTrhu",0,FALSE,FALSE,"-115.17395102","36.27120389"
"Liverpool","UK","RT @ASAP_ARI: I can feel how much Courtney hates us rn because Emily and Elise were screaming so loud last night",FALSE,0,NA,2016-01-14 04:48:24,FALSE,NA,"687496463849402368",NA,"<a href=""http://twitter.com/download/iphone"" rel=""nofollow"">Twitter for iPhone</a>","Eliseokayy_",1,TRUE,FALSE,NA,NA
"Liverpool","UK","RT @CinthyaIvette_: Only bad thing Is we were cruising around and now I can't feel my hands Ì†ΩÌ∏ÇÌ†ΩÌ∏Ç",FALSE,0,NA,2016-01-14 00:35:54,FALSE,NA,"687432918000660481",NA,"<a href=""http://twitter.com/download/iphone"" rel=""nofollow"">Twitter for iPhone</a>","SaraDelevingne_",1,TRUE,FALSE,NA,NA
"Liverpool","UK","Only bad thing Is we were cruising around and now I can't feel my hands Ì†ΩÌ∏ÇÌ†ΩÌ∏Ç",FALSE,1,NA,2016-01-14 00:27:29,FALSE,NA,"687430802112679938",NA,"<a href=""http://twitter.com/download/android"" rel=""nofollow"">Twitter for Android</a>","CinthyaIvette_",1,FALSE,FALSE,"-115.1316564","36.1122763"
"Liverpool","UK","I guess I'm Tia for next couple days... Feel free to check out  https://t.co/OWvJMfr94I‚Ä¶ https://t.co/S99DMfuoAM",FALSE,0,NA,2016-01-13 23:03:05,FALSE,NA,"687409560081051648",NA,"<a href=""http://instagram.com"" rel=""nofollow"">Instagram</a>","Tai_mua",0,FALSE,FALSE,"-115.20215637","36.10565393"
"Liverpool","UK","Feel'n all kinds of myself!!! This year my goal is to be more #confident. And damn do I feel it‚Ä¶ https://t.co/Ncx3kWhcPk",FALSE,0,NA,2016-01-13 07:50:00,FALSE,NA,"687179777464217600",NA,"<a href=""http://instagram.com"" rel=""nofollow"">Instagram</a>","TheatreKiss",0,FALSE,FALSE,"-115.17401899","36.11716025"
"Liverpool","UK","RT @iownazebra: I feel the same way http://t.co/tuKusG6Ul6",FALSE,0,NA,2016-01-11 18:02:36,FALSE,NA,"686609167310651392",NA,"<a href=""http://twitter.com/download/iphone"" rel=""nofollow"">Twitter for iPhone</a>","AlphaAsF_ck",1,TRUE,FALSE,NA,NA
"Liverpool","UK","I feel nauseated af. Will I ever not be sick? Stay tuned.",FALSE,2,NA,2016-01-11 16:43:04,FALSE,NA,"686589151748071425",NA,"<a href=""http://tapbots.com/tweetbot"" rel=""nofollow"">Tweetbot for iŒüS</a>","brunchbuttplug",0,FALSE,FALSE,"-115.27391052","36.08717346"
"Liverpool","UK","RIP #davidbowie You are forever inspired. ""I'm just an individual who doesn't feel that I need‚Ä¶ https://t.co/CVrqqEQoTH",FALSE,0,NA,2016-01-11 15:30:44,FALSE,NA,"686570949903253505",NA,"<a href=""http://instagram.com"" rel=""nofollow"">Instagram</a>","Tai_mua",0,FALSE,FALSE,"-115.3108444","36.1587563"
"Birmingham","UK","Starting the day off with this cutie. So good to be back in the studio. I feel refreshed. 
Happy‚Ä¶ https://t.co/YLHir4x8ai",FALSE,0,NA,2016-01-19 13:58:02,FALSE,NA,"689446723496779779",NA,"<a href=""http://instagram.com"" rel=""nofollow"">Instagram</a>","abzmillstattoos",0,FALSE,FALSE,"-4.28369","55.88116"
"Birmingham","UK","Too excited for the first snow experience in Glasgow. Yes it's snow, I finally feel you ‚ùÑÔ∏è‚õÑÔ∏èÌ†ΩÌ∏ÜÌ†ΩÌ∏Ç‚Ä¶ https://t.co/ZiWZcsIOHq",FALSE,0,NA,2016-01-19 01:27:41,FALSE,NA,"689257890507542529",NA,"<a href=""http://instagram.com"" rel=""nofollow"">Instagram</a>","mersiees",0,FALSE,FALSE,"-4.23928333","55.85026389"
"Birmingham","UK","@BeePowley @Top_CashBack @ExperianExperts #askperian i feel like i have non spare but i suppose i could learn to do without",FALSE,0,"BeePowley",2016-01-15 12:25:49,FALSE,"687973120150532096","687973961917968384","161092496","<a href=""http://twitter.com/download/android"" rel=""nofollow"">Twitter for Android</a>","xvickicullen",0,FALSE,FALSE,"-4.178044","55.8066233"
"Birmingham","UK","@janinecalikes @KirstyStricklan Just saying ""I feel like a woman"" doesn't make you one. I don't particularly ""feel like"" a woman.",FALSE,0,"janinecalikes",2016-01-14 08:16:18,FALSE,"687547725819318272","687548783417241600","211550756","<a href=""http://twitter.com/download/android"" rel=""nofollow"">Twitter for Android</a>","Southsidegrrrl",0,FALSE,FALSE,"-4.2711765","55.8350049"
"Birmingham","UK","I'm not really a cat person but I feel bad if I don't let this wee‚Ä¶ https://t.co/1ivL9NsGnT",FALSE,0,NA,2016-01-13 21:58:02,FALSE,NA,"687393190580596736",NA,"<a href=""http://instagram.com"" rel=""nofollow"">Instagram</a>","weeduff",0,FALSE,FALSE,"-4.12884755","55.85115366"
"Glasgow","UK","@Matthew_Wright Thankyou for the follow I feel honoured.Watching this week i decided that the nice folk make up for the complete nutters !",FALSE,0,"Matthew_Wright",2016-01-18 16:21:00,FALSE,NA,"689120313414676481","2193949099","<a href=""http://twitter.com/download/android"" rel=""nofollow"">Twitter for Android</a>","MaggieNoakes77",0,FALSE,FALSE,"-3.0994253","55.9437641"
"Glasgow","UK","I feel like going out for a proper breakfast but I have no one to go with Ì†ΩÌ∏¢Ì†ΩÌ≤î",FALSE,0,NA,2016-01-17 13:04:27,FALSE,NA,"688708461480251392",NA,"<a href=""http://twitter.com/download/android"" rel=""nofollow"">Twitter for Android</a>","ollypop0612",0,FALSE,FALSE,"-3.2281747","55.9771096"
"Glasgow","UK","Quartermile, never really sure how I feel about these contemporary glass structures being mixed‚Ä¶ https://t.co/8XJzBAnIYb",FALSE,0,NA,2016-01-15 09:22:03,FALSE,NA,"687927719204642816",NA,"<a href=""http://instagram.com"" rel=""nofollow"">Instagram</a>","willadam",0,FALSE,FALSE,"-3.19257893","55.94370796"
"Glasgow","UK","I feel even closer to my Scottish roots after kilt shopping with macneillrachel today! I have a‚Ä¶ https://t.co/m5j9QTiy1J",FALSE,2,NA,2016-01-13 21:43:20,FALSE,NA,"687389492286586881",NA,"<a href=""http://instagram.com"" rel=""nofollow"">Instagram</a>","EdgyLassie",0,FALSE,FALSE,"-3.17388645","55.97682051"
"London","UK","RT @miss_rybrown: GOMD makes me feel like I'm practicing voodoo in a swamp land and then like I'm sittin VIP in the club, goin too hard. It‚Ä¶",FALSE,0,NA,2016-01-19 19:23:38,FALSE,NA,"689528662211846145",NA,"<a href=""http://mobile.twitter.com"" rel=""nofollow"">Mobile Web</a>","youngxpvpi",1,TRUE,FALSE,NA,NA
"London","UK","Not proud of McDeath, but a girl's gotta go what a girl's gotta do. I feel like I'm missing an appendage now. https://t.co/wM9EZGtTfR",FALSE,0,NA,2016-01-19 19:07:50,FALSE,NA,"689524685948620800",NA,"<a href=""http://foursquare.com"" rel=""nofollow"">Foursquare</a>","HuddleAndHeels",0,FALSE,FALSE,"-87.63897484","41.87925309"
"London","UK","""@KenyaMoore: I really appreciate @CynthiaBailey10 understanding how I feel and getting angry for me #RHOA""",FALSE,0,NA,2016-01-19 08:16:25,FALSE,NA,"689360749739773952",NA,"<a href=""http://twitter.com/download/android"" rel=""nofollow"">Twitter for Android</a>","KellaineB",0,FALSE,FALSE,"-87.7205888","41.8613626"
"London","UK","#ceo that's what my title say... I know... Make you feel some type of way... @richhomiequan‚Ä¶ https://t.co/ojgvYfH8HC",FALSE,0,NA,2016-01-19 03:02:54,FALSE,NA,"689281850351693825",NA,"<a href=""http://instagram.com"" rel=""nofollow"">Instagram</a>","ParishRilentlis",0,FALSE,FALSE,"-87.60370972","41.80711376"
"London","UK","I won't allow you to keep making me feel like I don't matter.Ì†ΩÌ≤Ø",FALSE,0,NA,2016-01-19 01:16:05,FALSE,NA,"689254971016122369",NA,"<a href=""http://twitter.com/download/android"" rel=""nofollow"">Twitter for Android</a>","QueenNetwerk",0,FALSE,FALSE,"-87.6861181","41.7788123"
"London","UK","@redrummy it's definitely a ‚Ä¶ idk, toxic masculinity thing? but one I don't feel equipped to assault at the root level.",FALSE,0,"ELLIOTTCABLE",2016-01-18 23:01:05,FALSE,"689220866304028672","689220998466502657","771681","<a href=""http://tapbots.com/tweetbot"" rel=""nofollow"">Tweetbot for iŒüS</a>","ELLIOTTCABLE",0,FALSE,FALSE,"-87.63304944","41.86747156"
"London","UK","#AboutLastNight I suddenly feel compelled to say I only have these pictures because‚Ä¶ https://t.co/Q6OTZTpqKo",FALSE,0,NA,2016-01-18 19:17:08,FALSE,NA,"689164638894878721",NA,"<a href=""http://instagram.com"" rel=""nofollow"">Instagram</a>","CB_Radio82",0,FALSE,FALSE,"-87.63076186","41.87636682"
"London","UK","RT @repaper: The Alley is closing but there's a new Violet Femmes album, and I don't know how to feel other than that my 20's were a long t‚Ä¶",FALSE,0,NA,2016-01-18 16:13:34,FALSE,NA,"689118440221638657",NA,"<a href=""http://twitter.com"" rel=""nofollow"">Twitter Web Client</a>","chownlife",1,TRUE,FALSE,NA,NA
"London","UK","This Is How I Feel This Evening @ Chicago, Illinois https://t.co/MvpndeGcV6",FALSE,0,NA,2016-01-18 01:47:19,FALSE,NA,"688900445385850880",NA,"<a href=""http://instagram.com"" rel=""nofollow"">Instagram</a>","dunsurfin",0,FALSE,FALSE,"-87.6844","41.8369"
"London","UK","I can't feel my face when I'm with you, but I love it.  ‚ùÑÔ∏èÌ†ΩÌ≤®Ì†ºÌºäÌ†ºÌøô #chicago #frozen #DatLakeLyfe @‚Ä¶ https://t.co/uMpewrjsjT",FALSE,1,NA,2016-01-18 00:21:37,FALSE,NA,"688878877968449536",NA,"<a href=""http://instagram.com"" rel=""nofollow"">Instagram</a>","CodyLaGrow",0,FALSE,FALSE,"-87.62521424","41.91415504"
"London","UK","Every time I get done eating hot chips I feel disgusted with myself",FALSE,2,NA,2016-01-17 21:21:23,FALSE,NA,"688833518374379520",NA,"<a href=""http://twitter.com/download/android"" rel=""nofollow"">Twitter for Android</a>","brianclarkep",0,FALSE,FALSE,"-87.6472263","41.8380803"
"London","UK","RT @JustLindseyyy_: ‚Äú@CommonLazyTeen: I feel bad for laughingÌ†ΩÌ∏Ç  https://t.co/lXJoXB5axl‚Äù the scream thoÌ†ΩÌ≤ÄÌ†ΩÌ∏´",FALSE,0,NA,2016-01-17 17:34:17,FALSE,NA,"688776366137937920",NA,"<a href=""http://twitter.com/download/iphone"" rel=""nofollow"">Twitter for iPhone</a>","SaysTheProphecy",1,TRUE,FALSE,NA,NA
"London","UK","‚Äú@CommonLazyTeen: I feel bad for laughingÌ†ΩÌ∏Ç  https://t.co/lXJoXB5axl‚Äù the scream thoÌ†ΩÌ≤ÄÌ†ΩÌ∏´",FALSE,1,"CommonLazyTeen",2016-01-17 17:18:46,FALSE,"688496046519930881","688772464055291904","2620460797","<a href=""http://twitter.com/download/iphone"" rel=""nofollow"">Twitter for iPhone</a>","JustLindseyyy_",1,FALSE,FALSE,"-87.71279127","41.74344567"
"London","UK","I feel fine",FALSE,0,NA,2016-01-17 16:56:27,FALSE,NA,"688766846531600384",NA,"<a href=""http://www.twitter.com"" rel=""nofollow"">Twitter for Windows Phone</a>","AshleySolomon93",0,FALSE,FALSE,"-87.62558771","41.88707247"
"London","UK","I feel like we're in an @amyschumer episode being so unabashedly ""basic""Ì†ºÌΩπ‚úåÌ†ºÌøº @ Mayan Palace‚Ä¶ https://t.co/lTPo1dpVO4",FALSE,0,NA,2016-01-17 04:41:03,FALSE,NA,"688581775778541569",NA,"<a href=""http://instagram.com"" rel=""nofollow"">Instagram</a>","AlliRoseBradley",0,FALSE,FALSE,"-87.6485977","41.9317284"
"London","UK","The Alley is closing but there's a new Violet Femmes album, and I don't know how to feel other than that my 20's were a long time ago.",FALSE,5,NA,2016-01-17 04:17:29,FALSE,NA,"688575844994957312",NA,"<a href=""http://twitter.com/#!/download/ipad"" rel=""nofollow"">Twitter for iPad</a>","repaper",1,FALSE,FALSE,"-87.65648359","41.84063641"
"London","UK","Ì†æÌ¥îÌ†æÌ¥îÌ†æÌ¥î I Feel it ||DRUNKxTHOUGHTS|| Ohh.... It's here #TheArtOfProgress ||T‚ö°Ô∏èA‚ö°Ô∏èP|| ATTN: 
The Art‚Ä¶ https://t.co/iCxOpDbDEY",FALSE,0,NA,2016-01-17 04:16:03,FALSE,NA,"688575484632891392",NA,"<a href=""http://instagram.com"" rel=""nofollow"">Instagram</a>","JordanLDWE",0,FALSE,FALSE,"-87.6844","41.8369"
"London","UK","After an extended nap, I finally feel ok. I blame Miggie Montero. (@ Finley Dunne's Tavern - @finleydunnesbar) https://t.co/GOK7NloY1y",FALSE,0,NA,2016-01-17 02:55:22,FALSE,NA,"688555180460232704",NA,"<a href=""http://foursquare.com"" rel=""nofollow"">Foursquare</a>","fiveoutstogo",0,FALSE,FALSE,"-87.672279","41.94478887"
"London","UK","I have a soft spot for this place, mainly because I feel like it got neglected in the years‚Ä¶ https://t.co/c45fvCpd89",FALSE,0,NA,2016-01-16 21:00:09,FALSE,NA,"688465785631731713",NA,"<a href=""http://instagram.com"" rel=""nofollow"">Instagram</a>","ditakespictures",0,FALSE,FALSE,"-87.61926529","41.87594594"
"London","UK","Too happy to notice I can't feel my fingers Ì†ΩÌ∂êÌ†ºÌøª @ The Giant Bean Chicago https://t.co/pTr9wPlF1G",FALSE,0,NA,2016-01-16 19:17:57,FALSE,NA,"688440067300442113",NA,"<a href=""http://instagram.com"" rel=""nofollow"">Instagram</a>","lainewald",0,FALSE,FALSE,"-87.62333733","41.88261397"
"London","UK","I feel like I'm home. (@ Headquarters Beercade - @hq_chicago in Chicago, IL) https://t.co/z9NLIujM2Q",FALSE,1,NA,2016-01-16 18:37:52,FALSE,NA,"688429980179673088",NA,"<a href=""http://foursquare.com"" rel=""nofollow"">Foursquare</a>","Tvbona",0,FALSE,FALSE,"-87.63486028","41.89716624"
"London","UK","So I always feel sky high when I'm with him

But especially so when we're 1,300 feet in the air,‚Ä¶ https://t.co/gbmpnd73jn",FALSE,0,NA,2016-01-16 17:32:04,FALSE,NA,"688413421453332480",NA,"<a href=""http://instagram.com"" rel=""nofollow"">Instagram</a>","mooogan3",0,FALSE,FALSE,"-87.6359787","41.8787003"
"London","UK","I feel like I've flown to the word of TRON. Good morning Chicago! @‚Ä¶ https://t.co/IwEME6zswE",FALSE,1,NA,2016-01-16 13:07:03,FALSE,NA,"688346729930969088",NA,"<a href=""http://instagram.com"" rel=""nofollow"">Instagram</a>","JordanMelville",0,FALSE,FALSE,"-87.6844","41.8369"
"London","UK","RT @Dylan_Pritchard: If I was walking through a sad art gallery
And you were driving through the night
I'd feel‚Ä¶ https://t.co/MHmsVF4i8J",FALSE,0,NA,2016-01-16 08:07:05,FALSE,NA,"688271238364434432",NA,"<a href=""http://twitter.com"" rel=""nofollow"">Twitter Web Client</a>","LilyofShalott",1,TRUE,FALSE,NA,NA
"London","UK","If I was walking through a sad art gallery
And you were driving through the night
I'd feel‚Ä¶ https://t.co/MHmsVF4i8J",FALSE,2,NA,2016-01-16 05:48:57,FALSE,NA,"688236477327650818",NA,"<a href=""http://instagram.com"" rel=""nofollow"">Instagram</a>","Dylan_Pritchard",1,FALSE,FALSE,"-87.62343703","41.87978042"
"London","UK","All I feel is nothingness, lil boy.Ì†ΩÌ∏í",FALSE,1,NA,2016-01-16 00:47:28,FALSE,NA,"688160605128101889",NA,"<a href=""http://twitter.com/download/android"" rel=""nofollow"">Twitter for Android</a>","QueenNetwerk",0,FALSE,FALSE,"-87.6831467","41.7801683"
"Edinburgh","UK","After 6miles I feel even stronger #chaingang #‚õì @ Foundry GYM https://t.co/LiAmjRd0aI",FALSE,0,NA,2016-01-19 08:19:48,FALSE,NA,"689361602680877056",NA,"<a href=""http://instagram.com"" rel=""nofollow"">Instagram</a>","FolarinF",0,FALSE,FALSE,"-1.9742351","52.5819855"
"Edinburgh","UK","I Can't Feel My Face by Weeknd is #nowplaying in Lyndon, Solihull.  Download it now at https://t.co/0ft7JPQGx2",FALSE,0,NA,2016-01-16 21:39:05,FALSE,NA,"688475586772242432",NA,"<a href=""http://www.vjukebox.com"" rel=""nofollow"">Virtual Jukebox - Recent Tracks</a>","VirtualJukebox",0,FALSE,FALSE,"-1.79697859","52.44902437"
"Edinburgh","UK","RT @demidirtygirluk: !!  Omg i feel so horny, i need a hard cock up me !!!!! https://t.co/p8TP41IoiQ",FALSE,0,NA,2016-01-16 09:14:29,FALSE,NA,"688288200788344832",NA,"<a href=""https://mobile.twitter.com"" rel=""nofollow"">Mobile Web (M5)</a>","buggernutts84",7,TRUE,FALSE,NA,NA
"Edinburgh","UK","Got a five minute job to be done at @EE and despite being told there was only a 5 minute wait I feel like I'm growing old in this queue.",FALSE,0,NA,2016-01-14 11:41:51,FALSE,NA,"687600513030983680",NA,"<a href=""http://www.twitter.com"" rel=""nofollow"">Twitter for Windows Phone</a>","DotLorna",0,FALSE,FALSE,"-1.894817","52.477493"
"Edinburgh","UK","I Can't Feel My Face by Weeknd is #nowplaying in Lyndon, Solihull.  Download it now at https://t.co/0ft7JPQGx2",FALSE,0,NA,2016-01-14 00:42:11,FALSE,NA,"687434501773996037",NA,"<a href=""http://www.vjukebox.com"" rel=""nofollow"">Virtual Jukebox - Recent Tracks</a>","VirtualJukebox",0,FALSE,FALSE,"-1.79697859","52.44902437"
"Edinburgh","UK","Feel like I've been stabbed in the throat and thn had it scrubbed with sandpaper Ì†ΩÌ∏¢",FALSE,0,NA,2016-01-13 11:53:31,FALSE,NA,"687241057755643904",NA,"<a href=""http://www.twitter.com"" rel=""nofollow"">Twitter for Windows Phone</a>","cutie4james",0,FALSE,FALSE,"-2.0249125","52.5357075"
"Edinburgh","UK","I am fucking freezing man, I feel like I'm at the peak of Mount Everest and I'm on the brink of first bite",FALSE,0,NA,2016-01-12 22:11:39,FALSE,NA,"687034229981638658",NA,"<a href=""http://twitter.com/download/iphone"" rel=""nofollow"">Twitter for iPhone</a>","gemmaleanne",0,FALSE,FALSE,"-1.77827137","52.47066421"
"Edinburgh","UK","I Can't Feel My Face by Weeknd is #nowplaying in Lyndon, Solihull.  Download it now at https://t.co/0ft7JPQGx2",FALSE,0,NA,2016-01-12 00:44:55,FALSE,NA,"686710412683931648",NA,"<a href=""http://www.vjukebox.com"" rel=""nofollow"">Virtual Jukebox - Recent Tracks</a>","VirtualJukebox",0,FALSE,FALSE,"-1.79697859","52.44902437"
"Edinburgh","UK","@theealex I feel your pain!!! @LondonMidland's communication tonight has been just awful.",FALSE,0,"theealex",2016-01-11 18:00:59,FALSE,"686607405648613378","686608761209942016","21489168","<a href=""http://www.twitter.com"" rel=""nofollow"">Twitter for Windows Phone</a>","KurtJacob",0,FALSE,FALSE,"-1.92290246","52.47193694"
"Edinburgh","UK","How I Feel After The Gym

#bodymania #bodymanialtd #supplements #store #birmingham #england #uk‚Ä¶ https://t.co/oz73VyC9dj",FALSE,0,NA,2016-01-11 11:15:03,FALSE,NA,"686506601864245248",NA,"<a href=""http://instagram.com"" rel=""nofollow"">Instagram</a>","bodymanialtd",0,FALSE,FALSE,"-1.8569775","52.5189476"
